"filename", "language", "C++", "JSON", "CMake", "Swift", "Dart", "YAML", "HTML", "XML", "Markdown", "Java Properties", "comment", "blank", "total"
"c:\hamaltekk\README.md", "Markdown", 0, 0, 0, 0, 0, 0, 0, 0, 10, 0, 0, 7, 17
"c:\hamaltekk\analysis_options.yaml", "YAML", 0, 0, 0, 0, 0, 3, 0, 0, 0, 0, 22, 4, 29
"c:\hamaltekk\android\app\google-services.json", "JSON", 0, 29, 0, 0, 0, 0, 0, 0, 0, 0, 0, 0, 29
"c:\hamaltekk\android\app\src\debug\AndroidManifest.xml", "XML", 0, 0, 0, 0, 0, 0, 0, 3, 0, 0, 4, 1, 8
"c:\hamaltekk\android\app\src\main\AndroidManifest.xml", "XML", 0, 0, 0, 0, 0, 0, 0, 34, 0, 0, 11, 1, 46
"c:\hamaltekk\android\app\src\main\res\drawable-v21\launch_background.xml", "XML", 0, 0, 0, 0, 0, 0, 0, 4, 0, 0, 7, 2, 13
"c:\hamaltekk\android\app\src\main\res\drawable\launch_background.xml", "XML", 0, 0, 0, 0, 0, 0, 0, 4, 0, 0, 7, 2, 13
"c:\hamaltekk\android\app\src\main\res\values-night\styles.xml", "XML", 0, 0, 0, 0, 0, 0, 0, 9, 0, 0, 9, 1, 19
"c:\hamaltekk\android\app\src\main\res\values\styles.xml", "XML", 0, 0, 0, 0, 0, 0, 0, 9, 0, 0, 9, 1, 19
"c:\hamaltekk\android\app\src\profile\AndroidManifest.xml", "XML", 0, 0, 0, 0, 0, 0, 0, 3, 0, 0, 4, 1, 8
"c:\hamaltekk\android\gradle.properties", "Java Properties", 0, 0, 0, 0, 0, 0, 0, 0, 0, 2, 0, 1, 3
"c:\hamaltekk\android\gradle\wrapper\gradle-wrapper.properties", "Java Properties", 0, 0, 0, 0, 0, 0, 0, 0, 0, 5, 0, 1, 6
"c:\hamaltekk\firebase.json", "JSON", 0, 1, 0, 0, 0, 0, 0, 0, 0, 0, 0, 0, 1
"c:\hamaltekk\ios\RunnerTests\RunnerTests.swift", "Swift", 0, 0, 0, 7, 0, 0, 0, 0, 0, 0, 2, 4, 13
"c:\hamaltekk\ios\Runner\AppDelegate.swift", "Swift", 0, 0, 0, 12, 0, 0, 0, 0, 0, 0, 0, 2, 14
"c:\hamaltekk\ios\Runner\Assets.xcassets\AppIcon.appiconset\Contents.json", "JSON", 0, 122, 0, 0, 0, 0, 0, 0, 0, 0, 0, 1, 123
"c:\hamaltekk\ios\Runner\Assets.xcassets\LaunchImage.imageset\Contents.json", "JSON", 0, 23, 0, 0, 0, 0, 0, 0, 0, 0, 0, 1, 24
"c:\hamaltekk\ios\Runner\Assets.xcassets\LaunchImage.imageset\README.md", "Markdown", 0, 0, 0, 0, 0, 0, 0, 0, 3, 0, 0, 2, 5
"c:\hamaltekk\ios\Runner\Base.lproj\LaunchScreen.storyboard", "XML", 0, 0, 0, 0, 0, 0, 0, 36, 0, 0, 1, 1, 38
"c:\hamaltekk\ios\Runner\Base.lproj\Main.storyboard", "XML", 0, 0, 0, 0, 0, 0, 0, 25, 0, 0, 1, 1, 27
"c:\hamaltekk\ios\Runner\Runner-Bridging-Header.h", "C++", 1, 0, 0, 0, 0, 0, 0, 0, 0, 0, 0, 1, 2
"c:\hamaltekk\lib\firebase_options.dart", "Dart", 0, 0, 0, 0, 70, 0, 0, 0, 0, 0, 12, 7, 89
"c:\hamaltekk\lib\main.dart", "Dart", 0, 0, 0, 0, 52, 0, 0, 0, 0, 0, 11, 14, 77
"c:\hamaltekk\lib\models\user_model.dart", "Dart", 0, 0, 0, 0, 33, 0, 0, 0, 0, 0, 2, 5, 40
"c:\hamaltekk\lib\screens\chat_screen.dart", "Dart", 0, 0, 0, 0, 264, 0, 0, 0, 0, 0, 11, 20, 295
"c:\hamaltekk\lib\screens\create_screen.dart", "Dart", 0, 0, 0, 0, 367, 0, 0, 0, 0, 0, 18, 35, 420
"c:\hamaltekk\lib\screens\daily_report_detail_screen.dart", "Dart", 0, 0, 0, 0, 766, 0, 0, 0, 0, 0, 16, 45, 827
"c:\hamaltekk\lib\screens\daily_reports_list_screen.dart", "Dart", 0, 0, 0, 0, 144, 0, 0, 0, 0, 0, 2, 5, 151
"c:\hamaltekk\lib\screens\home_screen.dart", "Dart", 0, 0, 0, 0, 789, 0, 0, 0, 0, 0, 16, 60, 865
"c:\hamaltekk\lib\screens\login_screen.dart", "Dart", 0, 0, 0, 0, 244, 0, 0, 0, 0, 0, 5, 20, 269
"c:\hamaltekk\lib\screens\logo_screen.dart", "Dart", 0, 0, 0, 0, 49, 0, 0, 0, 0, 0, 5, 5, 59
"c:\hamaltekk\lib\screens\meal_history_screen.dart", "Dart", 0, 0, 0, 0, 181, 0, 0, 0, 0, 0, 2, 10, 193
"c:\hamaltekk\lib\screens\otp_screen.dart", "Dart", 0, 0, 0, 0, 326, 0, 0, 0, 0, 0, 14, 29, 369
"c:\hamaltekk\lib\screens\pilgrim_chat_list_screen.dart", "Dart", 0, 0, 0, 0, 231, 0, 0, 0, 0, 0, 1, 16, 248
"c:\hamaltekk\lib\screens\pilgrim_main_screen.dart", "Dart", 0, 0, 0, 0, 90, 0, 0, 0, 0, 0, 10, 10, 110
"c:\hamaltekk\lib\screens\pilgrim_requests_history_screen.dart", "Dart", 0, 0, 0, 0, 187, 0, 0, 0, 0, 0, 3, 11, 201
"c:\hamaltekk\lib\screens\pilgrim_trips_screen.dart", "Dart", 0, 0, 0, 0, 452, 0, 0, 0, 0, 0, 11, 41, 504
"c:\hamaltekk\lib\screens\pilgrims_boarding_screen.dart", "Dart", 0, 0, 0, 0, 303, 0, 0, 0, 0, 0, 6, 22, 331
"c:\hamaltekk\lib\screens\pilgrims_list_screen.dart", "Dart", 0, 0, 0, 0, 286, 0, 0, 0, 0, 0, 5, 20, 311
"c:\hamaltekk\lib\screens\profile_pilgrim_screen.dart", "Dart", 0, 0, 0, 0, 243, 0, 0, 0, 0, 0, 8, 16, 267
"c:\hamaltekk\lib\screens\profile_staff_screen.dart", "Dart", 0, 0, 0, 0, 206, 0, 0, 0, 0, 0, 5, 13, 224
"c:\hamaltekk\lib\screens\qr_scanner_screen.dart", "Dart", 0, 0, 0, 0, 381, 0, 0, 0, 0, 0, 3, 24, 408
"c:\hamaltekk\lib\screens\scanner_screen.dart", "Dart", 0, 0, 0, 0, 129, 0, 0, 0, 0, 0, 8, 16, 153
"c:\hamaltekk\lib\screens\staff_chat_list_screen.dart", "Dart", 0, 0, 0, 0, 298, 0, 0, 0, 0, 0, 6, 21, 325
"c:\hamaltekk\lib\screens\staff_home_screen.dart", "Dart", 0, 0, 0, 0, 340, 0, 0, 0, 0, 0, 3, 21, 364
"c:\hamaltekk\lib\screens\staff_main_screen.dart", "Dart", 0, 0, 0, 0, 206, 0, 0, 0, 0, 0, 11, 17, 234
"c:\hamaltekk\lib\screens\staff_requests_screen.dart", "Dart", 0, 0, 0, 0, 266, 0, 0, 0, 0, 0, 4, 15, 285
"c:\hamaltekk\lib\screens\staff_trips_screen.dart", "Dart", 0, 0, 0, 0, 536, 0, 0, 0, 0, 0, 4, 45, 585
"c:\hamaltekk\lib\services\auth_service.dart", "Dart", 0, 0, 0, 0, 41, 0, 0, 0, 0, 0, 5, 8, 54
"c:\hamaltekk\lib\widgets\add_meal_dialog.dart", "Dart", 0, 0, 0, 0, 285, 0, 0, 0, 0, 0, 15, 26, 326
"c:\hamaltekk\lib\widgets\add_trip_dialog.dart", "Dart", 0, 0, 0, 0, 588, 0, 0, 0, 0, 0, 3, 41, 632
"c:\hamaltekk\lib\widgets\hajj_info_overlays.dart", "Dart", 0, 0, 0, 0, 272, 0, 0, 0, 0, 0, 3, 21, 296
"c:\hamaltekk\lib\widgets\help_request_bottom_sheet.dart", "Dart", 0, 0, 0, 0, 298, 0, 0, 0, 0, 0, 4, 18, 320
"c:\hamaltekk\lib\widgets\pdf_export_service.dart", "Dart", 0, 0, 0, 0, 179, 0, 0, 0, 0, 0, 9, 14, 202
"c:\hamaltekk\linux\CMakeLists.txt", "CMake", 0, 0, 104, 0, 0, 0, 0, 0, 0, 0, 0, 25, 129
"c:\hamaltekk\linux\flutter\CMakeLists.txt", "CMake", 0, 0, 79, 0, 0, 0, 0, 0, 0, 0, 0, 10, 89
"c:\hamaltekk\linux\flutter\generated_plugin_registrant.cc", "C++", 11, 0, 0, 0, 0, 0, 0, 0, 0, 0, 4, 5, 20
"c:\hamaltekk\linux\flutter\generated_plugin_registrant.h", "C++", 5, 0, 0, 0, 0, 0, 0, 0, 0, 0, 5, 6, 16
"c:\hamaltekk\linux\flutter\generated_plugins.cmake", "CMake", 0, 0, 21, 0, 0, 0, 0, 0, 0, 0, 0, 6, 27
"c:\hamaltekk\linux\runner\CMakeLists.txt", "CMake", 0, 0, 21, 0, 0, 0, 0, 0, 0, 0, 0, 6, 27
"c:\hamaltekk\linux\runner\main.cc", "C++", 5, 0, 0, 0, 0, 0, 0, 0, 0, 0, 0, 2, 7
"c:\hamaltekk\linux\runner\my_application.cc", "C++", 94, 0, 0, 0, 0, 0, 0, 0, 0, 0, 26, 29, 149
"c:\hamaltekk\linux\runner\my_application.h", "C++", 10, 0, 0, 0, 0, 0, 0, 0, 0, 0, 7, 5, 22
"c:\hamaltekk\macos\Flutter\GeneratedPluginRegistrant.swift", "Swift", 0, 0, 0, 22, 0, 0, 0, 0, 0, 0, 3, 4, 29
"c:\hamaltekk\macos\RunnerTests\RunnerTests.swift", "Swift", 0, 0, 0, 7, 0, 0, 0, 0, 0, 0, 2, 4, 13
"c:\hamaltekk\macos\Runner\AppDelegate.swift", "Swift", 0, 0, 0, 11, 0, 0, 0, 0, 0, 0, 0, 3, 14
"c:\hamaltekk\macos\Runner\Assets.xcassets\AppIcon.appiconset\Contents.json", "JSON", 0, 68, 0, 0, 0, 0, 0, 0, 0, 0, 0, 1, 69
"c:\hamaltekk\macos\Runner\Base.lproj\MainMenu.xib", "XML", 0, 0, 0, 0, 0, 0, 0, 343, 0, 0, 0, 1, 344
"c:\hamaltekk\macos\Runner\MainFlutterWindow.swift", "Swift", 0, 0, 0, 12, 0, 0, 0, 0, 0, 0, 0, 4, 16
"c:\hamaltekk\pubspec.yaml", "YAML", 0, 0, 0, 0, 0, 41, 0, 0, 0, 0, 53, 15, 109
"c:\hamaltekk\test\widget_test.dart", "Dart", 0, 0, 0, 0, 14, 0, 0, 0, 0, 0, 10, 7, 31
"c:\hamaltekk\web\index.html", "HTML", 0, 0, 0, 0, 0, 0, 19, 0, 0, 0, 15, 5, 39
"c:\hamaltekk\web\manifest.json", "JSON", 0, 35, 0, 0, 0, 0, 0, 0, 0, 0, 0, 1, 36
"c:\hamaltekk\windows\CMakeLists.txt", "CMake", 0, 0, 89, 0, 0, 0, 0, 0, 0, 0, 0, 20, 109
"c:\hamaltekk\windows\flutter\CMakeLists.txt", "CMake", 0, 0, 98, 0, 0, 0, 0, 0, 0, 0, 0, 12, 110
"c:\hamaltekk\windows\flutter\generated_plugin_registrant.cc", "C++", 21, 0, 0, 0, 0, 0, 0, 0, 0, 0, 4, 5, 30
"c:\hamaltekk\windows\flutter\generated_plugin_registrant.h", "C++", 5, 0, 0, 0, 0, 0, 0, 0, 0, 0, 5, 6, 16
"c:\hamaltekk\windows\flutter\generated_plugins.cmake", "CMake", 0, 0, 25, 0, 0, 0, 0, 0, 0, 0, 0, 6, 31
"c:\hamaltekk\windows\runner\CMakeLists.txt", "CMake", 0, 0, 34, 0, 0, 0, 0, 0, 0, 0, 0, 7, 41
"c:\hamaltekk\windows\runner\flutter_window.cpp", "C++", 49, 0, 0, 0, 0, 0, 0, 0, 0, 0, 7, 16, 72
"c:\hamaltekk\windows\runner\flutter_window.h", "C++", 20, 0, 0, 0, 0, 0, 0, 0, 0, 0, 5, 9, 34
"c:\hamaltekk\windows\runner\main.cpp", "C++", 30, 0, 0, 0, 0, 0, 0, 0, 0, 0, 4, 10, 44
"c:\hamaltekk\windows\runner\resource.h", "C++", 9, 0, 0, 0, 0, 0, 0, 0, 0, 0, 6, 2, 17
"c:\hamaltekk\windows\runner\utils.cpp", "C++", 54, 0, 0, 0, 0, 0, 0, 0, 0, 0, 2, 10, 66
"c:\hamaltekk\windows\runner\utils.h", "C++", 8, 0, 0, 0, 0, 0, 0, 0, 0, 0, 6, 6, 20
"c:\hamaltekk\windows\runner\win32_window.cpp", "C++", 210, 0, 0, 0, 0, 0, 0, 0, 0, 0, 24, 55, 289
"c:\hamaltekk\windows\runner\win32_window.h", "C++", 48, 0, 0, 0, 0, 0, 0, 0, 0, 0, 31, 24, 103
"Total", "-", 580, 278, 471, 71, 9116, 44, 19, 470, 13, 7, 537, 1053, 12659